trade_date,open_price,close_price
2015-08-07,0.000168,0.000168
2015-08-08,0.000169,0.000158
2015-08-09,0.000158,0.000162
2015-08-10,0.000162,0.00016
2015-08-11,0.00016,0.000164
2015-08-12,0.000164,0.00016
2015-08-13,0.00016,0.000156
2015-08-14,0.000156,0.000158
2015-08-15,0.000158,0.000155
2015-08-16,0.000154,0.000148
2015-08-17,0.000148,0.00015
2015-08-18,0.00015,0.000134
2015-08-19,0.000133,0.000131
2015-08-20,0.000131,0.000139
2015-08-21,0.000139,0.000145
2015-08-22,0.000145,0.000137
2015-08-23,0.000137,0.000138
2015-08-24,0.000138,0.000128
2015-08-25,0.000125,0.000129
2015-08-26,0.000129,0.000133
2015-08-27,0.000133,0.000129
2015-08-28,0.000129,0.000132
2015-08-29,0.000132,0.000131
2015-08-30,0.000131,0.000129
2015-08-31,0.00013,0.000129
2015-09-01,0.000128,0.000127
2015-09-02,0.000127,0.000126
2015-09-03,0.000126,0.000122
2015-09-04,0.000123,0.000125
2015-09-05,0.000125,0.00013
2015-09-06,0.00013,0.000132
2015-09-07,0.000132,0.00013
2015-09-08,0.000129,0.000131
2015-09-09,0.000131,0.00013
2015-09-10,0.00013,0.000129
2015-09-11,0.000128,0.000131
2015-09-12,0.000131,0.000127
2015-09-13,0.000127,0.000126
2015-09-14,0.000125,0.000125
2015-09-15,0.000125,0.000126
2015-09-16,0.000126,0.000124
2015-09-17,0.000124,0.000125
2015-09-18,0.000125,0.000127
2015-09-19,0.000127,0.000126
2015-09-20,0.000126,0.000126
2015-09-21,0.000126,0.00013
2015-09-22,0.00013,0.000126
2015-09-23,0.000126,0.000124
2015-09-24,0.000123,0.000124
2015-09-25,0.000124,0.000122
2015-09-26,0.000122,0.000123
2015-09-27,0.000123,0.000122
2015-09-28,0.000122,0.000124
2015-09-29,0.000124,0.000121
2015-09-30,0.000121,0.000123
2015-10-01,0.000123,0.000122
2015-10-02,0.000123,0.000123
2015-10-03,0.000122,0.000121
2015-10-04,0.000121,0.000118
2015-10-05,0.000118,0.000117
2015-10-06,0.000118,0.000121
2015-10-07,0.000122,0.000121
2015-10-08,0.000121,0.000119
2015-10-09,0.000119,0.000119
2015-10-10,0.000119,0.000119
2015-10-11,0.000119,0.00012
2015-10-12,0.00012,0.000119
2015-10-13,0.000119,0.000121
2015-10-14,0.000121,0.00012
2015-10-15,0.00012,0.00012
2015-10-16,0.00012,0.000121
2015-10-17,0.000121,0.000121
2015-10-18,0.000121,0.000119
2015-10-19,0.000119,0.000119
2015-10-20,0.000119,0.000118
2015-10-21,0.000119,0.000117
2015-10-22,0.000117,0.000118
2015-10-23,0.000117,0.000115
2015-10-24,0.000114,0.000114
2015-10-25,0.000114,0.000116
2015-10-26,0.000116,0.000116
2015-10-27,0.000116,0.000118
2015-10-28,0.000118,0.000126
2015-10-29,0.000126,0.000141
2015-10-30,0.000141,0.000151
2015-10-31,0.000151,0.000137
2015-11-01,0.000137,0.000141
2015-11-02,0.000141,0.000147
2015-11-03,0.000147,0.000156
2015-11-04,0.000156,0.000149
2015-11-05,0.000149,0.000146
2015-11-06,0.000146,0.000141
2015-11-07,0.000142,0.000145
2015-11-08,0.000144,0.000136
2015-11-09,0.000136,0.000135
2015-11-10,0.000135,0.000123
2015-11-11,0.000124,0.000125
2015-11-12,0.000126,0.00013
2015-11-13,0.00013,0.00013
2015-11-14,0.00013,0.00013
2015-11-15,0.00013,0.000125
2015-11-16,0.000126,0.000131
2015-11-17,0.000131,0.000133
2015-11-18,0.000133,0.000135
2015-11-19,0.000135,0.00013
2015-11-20,0.00013,0.000131
2015-11-21,0.000129,0.000131
2015-11-22,0.000131,0.000128
2015-11-23,0.000128,0.00013
2015-11-24,0.000129,0.000128
2015-11-25,0.000128,0.00013
2015-11-26,0.00013,0.000132
2015-11-27,0.000132,0.000133
2015-11-28,0.000133,0.00013
2015-11-29,0.00013,0.00013
2015-11-30,0.00013,0.000128
2015-12-01,0.000129,0.000127
2015-12-02,0.000128,0.00013
2015-12-03,0.00013,0.000129
2015-12-04,0.000128,0.000129
2015-12-05,0.000129,0.00013
2015-12-06,0.00013,0.000128
2015-12-07,0.000127,0.000133
2015-12-08,0.000133,0.000136
2015-12-09,0.000137,0.000142
2015-12-10,0.000142,0.000139
2015-12-11,0.000139,0.00015
2015-12-12,0.000149,0.000142
2015-12-13,0.000141,0.000143
2015-12-14,0.000143,0.000145
2015-12-15,0.000145,0.00015
2015-12-16,0.00015,0.00015
2015-12-17,0.00015,0.000155
2015-12-18,0.000155,0.000155
2015-12-19,0.000157,0.000153
2015-12-20,0.000152,0.000143
2015-12-21,0.000145,0.000143
2015-12-22,0.000142,0.000142
2015-12-23,0.000142,0.000147
2015-12-24,0.000148,0.000147
2015-12-25,0.000148,0.000147
2015-12-26,0.000149,0.000139
2015-12-27,0.000139,0.000145
2015-12-28,0.000144,0.000139
2015-12-29,0.000139,0.000155
2015-12-30,0.000156,0.000153
2015-12-31,0.000151,0.000151
2016-01-01,0.00015,0.000154
2016-01-02,0.000155,0.000151
2016-01-03,0.000149,0.000146
2016-01-04,0.000146,0.000144
2016-01-05,0.000144,0.000137
2016-01-06,0.000137,0.000135
2016-01-07,0.000134,0.000139
2016-01-08,0.00014,0.000158
2016-01-09,0.000173,0.00018
2016-01-10,0.00018,0.000167
2016-01-11,0.000167,0.000171
2016-01-12,0.000171,0.00018
2016-01-13,0.000179,0.000177
2016-01-14,0.000177,0.000175
2016-01-15,0.000176,0.000149
2016-01-16,0.000149,0.000155
2016-01-17,0.000155,0.000152
2016-01-18,0.000152,0.000151
2016-01-19,0.000151,0.000148
2016-01-20,0.000148,0.000168
2016-01-21,0.000168,0.000163
2016-01-22,0.000163,0.000168
2016-01-23,0.000171,0.000172
2016-01-24,0.000173,0.000193
2016-01-25,0.000194,0.000212
2016-01-26,0.000212,0.000356
2016-01-27,0.000357,0.000455
2016-01-28,0.000455,0.000344
2016-01-29,0.000347,0.000316
2016-01-30,0.000317,0.000258
2016-01-31,0.000259,0.000277
2016-02-01,0.000278,0.00027
2016-02-02,0.000271,0.000262
2016-02-03,0.000262,0.000265
2016-02-04,0.000265,0.000287
2016-02-05,0.000285,0.000305
2016-02-06,0.000308,0.000306
2016-02-07,0.000306,0.000285
2016-02-08,0.000285,0.000287
2016-02-09,0.000287,0.000292
2016-02-10,0.000291,0.000298
2016-02-11,0.000297,0.00029
2016-02-12,0.000293,0.000301
2016-02-13,0.0003,0.000295
2016-02-14,0.000295,0.000301
2016-02-15,0.000301,0.000298
2016-02-16,0.000298,0.000292
2016-02-17,0.00029,0.000278
2016-02-18,0.000278,0.000278
2016-02-19,0.000278,0.000297
2016-02-20,0.000297,0.000291
2016-02-21,0.000292,0.000285
2016-02-22,0.000287,0.000283
2016-02-23,0.000283,0.00028
2016-02-24,0.000279,0.000278
2016-02-25,0.000277,0.000269
2016-02-26,0.000269,0.000259
2016-02-27,0.000259,0.000255
2016-02-28,0.000256,0.000254
2016-02-29,0.000254,0.00025
2016-03-01,0.00025,0.000249
2016-03-02,0.000247,0.000244
2016-03-03,0.000244,0.000245
2016-03-04,0.000246,0.000238
2016-03-05,0.000238,0.000224
2016-03-06,0.000223,0.000221
2016-03-07,0.000222,0.000233
2016-03-08,0.000231,0.00022
2016-03-09,0.000219,0.00023
2016-03-10,0.00023,0.000241
2016-03-11,0.000246,0.000241
2016-03-12,0.000242,0.000237
2016-03-13,0.000237,0.000245
2016-03-14,0.000241,0.000238
2016-03-15,0.000239,0.000231
2016-03-16,0.000233,0.000231
2016-03-17,0.000231,0.000223
2016-03-18,0.000221,0.000209
2016-03-19,0.000211,0.00022
2016-03-20,0.000221,0.000214
2016-03-21,0.000214,0.000212
2016-03-22,0.000212,0.000217
2016-03-23,0.000216,0.000212
2016-03-24,0.000212,0.000213
2016-03-25,0.000215,0.000214
2016-03-26,0.000214,0.000213
2016-03-27,0.000213,0.000216
2016-03-28,0.000215,0.000215
2016-03-29,0.000215,0.000254
2016-03-30,0.000257,0.000234
2016-03-31,0.000232,0.000233
2016-04-01,0.000233,0.000224
2016-04-02,0.000223,0.000226
2016-04-03,0.000224,0.000221
2016-04-04,0.000221,0.00022
2016-04-05,0.00022,0.000214
2016-04-06,0.000216,0.000216
2016-04-07,0.000216,0.000212
2016-04-08,0.000212,0.000211
2016-04-09,0.000211,0.000208
2016-04-10,0.000208,0.000204
2016-04-11,0.000203,0.000214
2016-04-12,0.000214,0.000229
2016-04-13,0.000231,0.000234
2016-04-14,0.000233,0.00023
2016-04-15,0.000231,0.000233
2016-04-16,0.000234,0.00023
2016-04-17,0.000231,0.000226
2016-04-18,0.000226,0.000225
2016-04-19,0.000224,0.000222
2016-04-20,0.000222,0.000226
2016-04-21,0.000225,0.000226
2016-04-22,0.000226,0.000224
2016-04-23,0.000224,0.000224
2016-04-24,0.000224,0.000227
2016-04-25,0.000228,0.000227
2016-04-26,0.000227,0.00023
2016-04-27,0.000231,0.000224
2016-04-28,0.000224,0.000228
2016-04-29,0.000228,0.000226
2016-04-30,0.000226,0.000226
2016-05-01,0.000226,0.000226
2016-05-02,0.000225,0.000229
2016-05-03,0.000227,0.000228
2016-05-04,0.000226,0.000225
2016-05-05,0.000225,0.000221
2016-05-06,0.00022,0.000225
2016-05-07,0.000224,0.000223
2016-05-08,0.000222,0.000222
2016-05-09,0.000222,0.000224
2016-05-10,0.000222,0.00022
2016-05-11,0.00022,0.000224
2016-05-12,0.000223,0.000235
2016-05-13,0.000235,0.000236
2016-05-14,0.000236,0.000231
2016-05-15,0.000231,0.000231
2016-05-16,0.000231,0.000229
2016-05-17,0.000228,0.000226
2016-05-18,0.000226,0.000228
2016-05-19,0.000228,0.000225
2016-05-20,0.000223,0.000228
2016-05-21,0.000228,0.000226
2016-05-22,0.000227,0.000224
2016-05-23,0.000222,0.000225
2016-05-24,0.000226,0.000224
2016-05-25,0.000223,0.000224
2016-05-26,0.000224,0.000228
2016-05-27,0.000228,0.00023
2016-05-28,0.00023,0.000237
2016-05-29,0.000236,0.000238
2016-05-30,0.000238,0.000238
2016-05-31,0.000239,0.000231
2016-06-01,0.000231,0.000234
2016-06-02,0.000234,0.00023
2016-06-03,0.000232,0.000238
2016-06-04,0.000237,0.000237
2016-06-05,0.000237,0.000237
2016-06-06,0.000236,0.000236
2016-06-07,0.000235,0.00024
2016-06-08,0.000239,0.000246
2016-06-09,0.000246,0.000265
2016-06-10,0.000265,0.00026
2016-06-11,0.000261,0.000253
2016-06-12,0.000253,0.00027
2016-06-13,0.00027,0.000298
2016-06-14,0.000295,0.00032
2016-06-15,0.00032,0.000313
2016-06-16,0.000312,0.000335
2016-06-17,0.000332,0.000321
2016-06-18,0.00032,0.000324
2016-06-19,0.000324,0.000338
2016-06-20,0.000337,0.000323
2016-06-21,0.000324,0.000307
2016-06-22,0.000307,0.000266
2016-06-23,0.000265,0.00028
2016-06-24,0.000283,0.000281
2016-06-25,0.000283,0.000284
2016-06-26,0.000287,0.000285
2016-06-27,0.000283,0.000288
2016-06-28,0.000289,0.000301
2016-06-29,0.000298,0.000296
2016-06-30,0.000295,0.000304
2016-07-01,0.000304,0.000302
2016-07-02,0.000302,0.000306
2016-07-03,0.000306,0.000282
2016-07-04,0.000284,0.000289
2016-07-05,0.000289,0.000287
2016-07-06,0.000288,0.000284
2016-07-07,0.000284,0.000275
2016-07-08,0.000275,0.000277
2016-07-09,0.000276,0.00027
2016-07-10,0.00027,0.000272
2016-07-11,0.000272,0.000267
2016-07-12,0.000268,0.000265
2016-07-13,0.000264,0.000263
2016-07-14,0.000263,0.000262
2016-07-15,0.000261,0.000264
2016-07-16,0.000262,0.000262
2016-07-17,0.000262,0.000263
2016-07-18,0.000263,0.000252
2016-07-19,0.000252,0.000245
2016-07-20,0.000245,0.000244
2016-07-21,0.000242,0.000237
2016-07-22,0.000239,0.000237
2016-07-23,0.000237,0.000251
2016-07-24,0.000254,0.000249
2016-07-25,0.000246,0.000245
2016-07-26,0.000246,0.00024
2016-07-27,0.00024,0.000237
2016-07-28,0.000235,0.000238
2016-07-29,0.000237,0.000238
2016-07-30,0.000238,0.000239
2016-07-31,0.000238,0.00023
2016-08-01,0.00023,0.000223
2016-08-02,0.000223,0.000206
2016-08-03,0.000209,0.000214
2016-08-04,0.000213,0.000215
2016-08-05,0.000215,0.000218
2016-08-06,0.000218,0.000231
2016-08-07,0.000231,0.000264
2016-08-08,0.000259,0.000237
2016-08-09,0.000233,0.000237
2016-08-10,0.00024,0.000239
2016-08-11,0.000242,0.000235
2016-08-12,0.000238,0.000239
2016-08-13,0.00024,0.000239
2016-08-14,0.000239,0.000245
2016-08-15,0.000248,0.000238
2016-08-16,0.000242,0.000258
2016-08-17,0.000263,0.000247
2016-08-18,0.000247,0.000247
2016-08-19,0.000247,0.000233
2016-08-20,0.000236,0.000238
2016-08-21,0.000238,0.000232
2016-08-22,0.000235,0.000229
2016-08-23,0.000229,0.000227
2016-08-24,0.000227,0.000231
2016-08-25,0.000231,0.000229
2016-08-26,0.000228,0.000231
2016-08-27,0.000231,0.000224
2016-08-28,0.000226,0.000229
2016-08-29,0.000227,0.000225
2016-08-30,0.000224,0.000233
2016-08-31,0.000233,0.000235
2016-09-01,0.000235,0.000232
2016-09-02,0.000232,0.000235
2016-09-03,0.000234,0.000236
2016-09-04,0.000236,0.000235
2016-09-05,0.000235,0.000236
2016-09-06,0.000238,0.000241
2016-09-07,0.000241,0.000242
2016-09-08,0.000242,0.000228
2016-09-09,0.000231,0.00023
2016-09-10,0.00023,0.000227
2016-09-11,0.000228,0.000226
2016-09-12,0.000226,0.000226
2016-09-13,0.000226,0.000225
2016-09-14,0.000228,0.000226
2016-09-15,0.000228,0.000233
2016-09-16,0.000233,0.00025
2016-09-17,0.000248,0.000236
2016-09-18,0.000236,0.00024
2016-09-19,0.000237,0.000236
2016-09-20,0.000232,0.000232
2016-09-21,0.000234,0.000231
2016-09-22,0.000231,0.000228
2016-09-23,0.000228,0.000224
2016-09-24,0.000228,0.000226
2016-09-25,0.000226,0.000225
2016-09-26,0.000225,0.000229
2016-09-27,0.000228,0.000228
2016-09-28,0.00023,0.000229
2016-09-29,0.000229,0.000231
2016-09-30,0.000229,0.000235
2016-10-01,0.000232,0.000233
2016-10-02,0.00023,0.00023
2016-10-03,0.00023,0.000234
2016-10-04,0.000236,0.000229
2016-10-05,0.000229,0.000233
2016-10-06,0.00023,0.000223
2016-10-07,0.000223,0.000228
2016-10-08,0.000228,0.000225
2016-10-09,0.000228,0.000228
2016-10-10,0.000228,0.000228
2016-10-11,0.000228,0.00023
2016-10-12,0.00023,0.000225
2016-10-13,0.000225,0.000227
2016-10-14,0.000227,0.000227
2016-10-15,0.000225,0.000224
2016-10-16,0.000225,0.000223
2016-10-17,0.000223,0.000221
2016-10-18,0.000223,0.000221
2016-10-19,0.000222,0.000219
2016-10-20,0.000217,0.000221
2016-10-21,0.000221,0.000218
2016-10-22,0.000218,0.000223
2016-10-23,0.000223,0.000221
2016-10-24,0.000221,0.000219
2016-10-25,0.000219,0.000219
2016-10-26,0.000219,0.000216
2016-10-27,0.000216,0.000217
2016-10-28,0.000219,0.000216
2016-10-29,0.000219,0.000223
2016-10-30,0.000223,0.000223
2016-10-31,0.000222,0.00022
2016-11-01,0.00022,0.000221
2016-11-02,0.000221,0.00022
2016-11-03,0.000223,0.000217
2016-11-04,0.000219,0.000219
2016-11-05,0.000221,0.000222
2016-11-06,0.000221,0.000221
2016-11-07,0.000222,0.000239
2016-11-08,0.000239,0.000229
2016-11-09,0.000229,0.000229
2016-11-10,0.000229,0.000228
2016-11-11,0.000228,0.000227
2016-11-12,0.000226,0.00022
2016-11-13,0.00022,0.000225
2016-11-14,0.000225,0.000223
2016-11-15,0.000223,0.000222
2016-11-16,0.000222,0.000221
2016-11-17,0.000222,0.000224
2016-11-18,0.000223,0.000218
2016-11-19,0.000221,0.00022
2016-11-20,0.00022,0.000219
2016-11-21,0.000218,0.000222
2016-11-22,0.000222,0.000224
2016-11-23,0.000223,0.000219
2016-11-24,0.000216,0.000218
2016-11-25,0.000218,0.00022
2016-11-26,0.000221,0.000219
2016-11-27,0.000219,0.000217
2016-11-28,0.000217,0.000218
2016-11-29,0.000219,0.000217
2016-11-30,0.000216,0.000214
2016-12-01,0.000215,0.000214
2016-12-02,0.000214,0.000216
2016-12-03,0.000216,0.000217
2016-12-04,0.000215,0.000217
2016-12-05,0.000216,0.000215
2016-12-06,0.000215,0.000212
2016-12-07,0.000212,0.000214
2016-12-08,0.000212,0.000215
2016-12-09,0.000215,0.000212
2016-12-10,0.000211,0.000215
2016-12-11,0.000214,0.000223
2016-12-12,0.000224,0.000222
2016-12-13,0.00022,0.000216
2016-12-14,0.000215,0.000217
2016-12-15,0.000215,0.000215
2016-12-16,0.000215,0.000217
2016-12-17,0.000217,0.000219
2016-12-18,0.000219,0.000218
2016-12-19,0.000216,0.000218
2016-12-20,0.000219,0.000219
2016-12-21,0.00022,0.000227
2016-12-22,0.000228,0.000225
2016-12-23,0.000225,0.000236
2016-12-24,0.000238,0.000234
2016-12-25,0.000234,0.00023
2016-12-26,0.000231,0.000233
2016-12-27,0.000232,0.000227
2016-12-28,0.000227,0.000223
2016-12-29,0.000223,0.000228
2016-12-30,0.000234,0.000228
2016-12-31,0.000227,0.000223
2017-01-01,0.000223,0.000228
2017-01-02,0.000228,0.000226
2017-01-03,0.000224,0.000227
2017-01-04,0.000227,0.000236
2017-01-05,0.000233,0.000229
2017-01-06,0.000228,0.00022
2017-01-07,0.000222,0.000221
2017-01-08,0.000224,0.000221
2017-01-09,0.000221,0.000229
2017-01-10,0.000229,0.000226
2017-01-11,0.000225,0.000205
2017-01-12,0.000203,0.000208
2017-01-13,0.000208,0.000209
2017-01-14,0.000209,0.000209
2017-01-15,0.000207,0.000206
2017-01-16,0.000206,0.000207
2017-01-17,0.000207,0.000215
2017-01-18,0.000215,0.000208
2017-01-19,0.000206,0.000211
2017-01-20,0.000209,0.000209
2017-01-21,0.000206,0.000208
2017-01-22,0.000208,0.000207
2017-01-23,0.000205,0.000208
2017-01-24,0.000208,0.000202
2017-01-25,0.000203,0.000204
2017-01-26,0.000204,0.000208
2017-01-27,0.000208,0.000204
2017-01-28,0.000209,0.000209
2017-01-29,0.000209,0.000204
2017-01-30,0.000204,0.000208
2017-01-31,0.000208,0.000206
2017-02-01,0.000211,0.000209
2017-02-02,0.000212,0.000211
2017-02-03,0.000211,0.000213
2017-02-04,0.000213,0.000211
2017-02-05,0.000211,0.000211
2017-02-06,0.00021,0.000214
2017-02-07,0.000212,0.000208
2017-02-08,0.000212,0.000211
2017-02-09,0.000208,0.000204
2017-02-10,0.000204,0.000208
2017-02-11,0.000208,0.00021
2017-02-12,0.00021,0.000208
2017-02-13,0.00021,0.000208
2017-02-14,0.000208,0.000209
2017-02-15,0.000208,0.000209
2017-02-16,0.000209,0.000207
2017-02-17,0.000207,0.000209
2017-02-18,0.000209,0.000197
2017-02-19,0.000197,0.000208
2017-02-20,0.000208,0.000207
2017-02-21,0.00021,0.000208
2017-02-22,0.000208,0.000202
2017-02-23,0.000202,0.000208
2017-02-24,0.000208,0.000208
2017-02-25,0.000204,0.0002
2017-02-26,0.0002,0.000203
2017-02-27,0.000206,0.000208
2017-02-28,0.000204,0.000205
2017-03-01,0.000206,0.000203
2017-03-02,0.000205,0.000205
2017-03-03,0.000205,0.000211
2017-03-04,0.000211,0.000205
2017-03-05,0.000204,0.000206
2017-03-06,0.00021,0.00021
2017-03-07,0.000206,0.000209
2017-03-08,0.000209,0.000208
2017-03-09,0.000207,0.000211
2017-03-10,0.000211,0.000204
2017-03-11,0.000205,0.000211
2017-03-12,0.000212,0.000229
2017-03-13,0.000227,0.000247
2017-03-14,0.000241,0.000238
2017-03-15,0.000238,0.000243
2017-03-16,0.000241,0.000235
2017-03-17,0.000235,0.000223
2017-03-18,0.000223,0.000219
2017-03-19,0.000219,0.000235
2017-03-20,0.000235,0.000236
2017-03-21,0.000227,0.000246
2017-03-22,0.000245,0.000243
2017-03-23,0.000239,0.000242
2017-03-24,0.000242,0.000264
2017-03-25,0.000264,0.000298
2017-03-26,0.000298,0.000272
2017-03-27,0.000278,0.000254
2017-03-28,0.000247,0.000273
2017-03-29,0.000279,0.000272
2017-03-30,0.000278,0.000304
2017-03-31,0.000304,0.000328
2017-04-01,0.000333,0.000335
2017-04-02,0.000336,0.000489
2017-04-03,0.00049,0.000427
2017-04-04,0.000432,0.000432
2017-04-05,0.000438,0.000442
2017-04-06,0.000437,0.00045
2017-04-07,0.000456,0.000398
2017-04-08,0.000398,0.000432
2017-04-09,0.00043,0.000381
2017-04-10,0.000381,0.0004
2017-04-11,0.000396,0.00039
2017-04-12,0.000388,0.000414
2017-04-13,0.000415,0.000425
2017-04-14,0.000431,0.000426
2017-04-15,0.000425,0.000418
2017-04-16,0.000417,0.000454
2017-04-17,0.000453,0.000459
2017-04-18,0.000466,0.000459
2017-04-19,0.000456,0.000448
2017-04-20,0.000448,0.000443
2017-04-21,0.00044,0.000451
2017-04-22,0.000456,0.000464
2017-04-23,0.000468,0.000522
2017-04-24,0.000526,0.000515
2017-04-25,0.000511,0.000527
2017-04-26,0.000534,0.000544
2017-04-27,0.000549,0.000632
2017-04-28,0.000625,0.000678
2017-04-29,0.000679,0.000734
2017-04-30,0.000736,0.000746
2017-05-01,0.000746,0.000686
2017-05-02,0.000689,0.00061
2017-05-03,0.000611,0.000678
2017-05-04,0.000686,0.000744
2017-05-05,0.000738,0.00084
2017-05-06,0.000837,0.001169
2017-05-07,0.001176,0.001305
2017-05-08,0.001335,0.001521
2017-05-09,0.001531,0.001239
2017-05-10,0.001253,0.001239
2017-05-11,0.001236,0.001212
2017-05-12,0.001215,0.001183
2017-05-13,0.001188,0.001184
2017-05-14,0.001198,0.001274
2017-05-15,0.001275,0.001128
2017-05-16,0.001123,0.001059
2017-05-17,0.001068,0.001318
2017-05-18,0.001318,0.001508
2017-05-19,0.001512,0.001518
2017-05-20,0.001511,0.0019
2017-05-21,0.00191,0.003062
2017-05-22,0.003095,0.003405
2017-05-23,0.003367,0.003562
2017-05-24,0.003543,0.003659
2017-05-25,0.003702,0.002994
2017-05-26,0.00295,0.002424
2017-05-27,0.002428,0.002541
2017-05-28,0.002583,0.002579
2017-05-29,0.00253,0.002732
2017-05-30,0.002734,0.002623
2017-05-31,0.002639,0.002657
2017-06-01,0.002665,0.002867
2017-06-02,0.002878,0.003026
2017-06-03,0.003022,0.003251
2017-06-04,0.003279,0.003179
2017-06-05,0.003191,0.003873
2017-06-06,0.003859,0.003741
2017-06-07,0.003764,0.003302
2017-06-08,0.003279,0.003575
2017-06-09,0.003576,0.003453
2017-06-10,0.00343,0.003313
2017-06-11,0.003307,0.003601
2017-06-12,0.003603,0.003253
2017-06-13,0.00325,0.003313
2017-06-14,0.003305,0.003092
2017-06-15,0.0031,0.003043
2017-06-16,0.003043,0.003163
2017-06-17,0.003135,0.003322
2017-06-18,0.003335,0.00323
2017-06-19,0.003219,0.003141
2017-06-20,0.003154,0.003218
2017-06-21,0.003219,0.003125
2017-06-22,0.003126,0.003104
2017-06-23,0.003101,0.003143
2017-06-24,0.003139,0.003135
2017-06-25,0.003129,0.002961
2017-06-26,0.002958,0.00275
2017-06-27,0.00275,0.002623
2017-06-28,0.002636,0.002793
2017-06-29,0.002787,0.002656
2017-06-30,0.002654,0.002602
2017-07-01,0.002601,0.002645
2017-07-02,0.002638,0.002481
2017-07-03,0.002467,0.002533
2017-07-04,0.002527,0.002518
2017-07-05,0.002504,0.002714
2017-07-06,0.002711,0.002636
2017-07-07,0.002629,0.002397
2017-07-08,0.002386,0.00244
2017-07-09,0.002442,0.00233
2017-07-10,0.002338,0.001952
2017-07-11,0.001956,0.001779
2017-07-12,0.001759,0.001938
2017-07-13,0.001958,0.001823
2017-07-14,0.001826,0.001681
2017-07-15,0.001675,0.001484
2017-07-16,0.001484,0.001307
2017-07-17,0.001303,0.00152
2017-07-18,0.001523,0.001864
2017-07-19,0.00187,0.001689
2017-07-20,0.001694,0.001935
2017-07-21,0.001954,0.001936
2017-07-22,0.001936,0.002095
2017-07-23,0.002097,0.001972
2017-07-24,0.001973,0.00198
2017-07-25,0.001997,0.001773
2017-07-26,0.001772,0.00181
2017-07-27,0.00181,0.001856
2017-07-28,0.001855,0.001782
2017-07-29,0.001772,0.001768
2017-07-30,0.001771,0.001719
2017-07-31,0.001713,0.001718
2017-08-01,0.001719,0.001792
2017-08-02,0.00179,0.001788
2017-08-03,0.001785,0.001795
2017-08-04,0.001794,0.00182
2017-08-05,0.001817,0.002087
2017-08-06,0.002086,0.001909
2017-08-07,0.001919,0.001949
2017-08-08,0.00195,0.001961
2017-08-09,0.001961,0.001937
2017-08-10,0.001939,0.001896
2017-08-11,0.001897,0.00188
2017-08-12,0.001877,0.001856
2017-08-13,0.001853,0.001807
2017-08-14,0.001807,0.001762
2017-08-15,0.001758,0.001738
2017-08-16,0.001732,0.001774
2017-08-17,0.001781,0.00171
2017-08-18,0.001711,0.001678
2017-08-19,0.001681,0.001678
2017-08-20,0.00167,0.001707
2017-08-21,0.001693,0.001712
2017-08-22,0.001713,0.001716
2017-08-23,0.001715,0.001732
2017-08-24,0.001731,0.001816
2017-08-25,0.001808,0.00179
2017-08-26,0.001787,0.001778
2017-08-27,0.001779,0.00176
2017-08-28,0.001764,0.001825
2017-08-29,0.001822,0.001867
2017-08-30,0.001862,0.002105
2017-08-31,0.002103,0.002064
2017-09-01,0.002064,0.002543
2017-09-02,0.002557,0.002226
2017-09-03,0.002263,0.002153
2017-09-04,0.002169,0.001786
2017-09-05,0.0018,0.001908
2017-09-06,0.001912,0.002019
2017-09-07,0.002016,0.001928
2017-09-08,0.00193,0.001596
2017-09-09,0.001586,0.001568
2017-09-10,0.001573,0.001395
2017-09-11,0.001397,0.001463
2017-09-12,0.001465,0.00144
2017-09-13,0.001442,0.001398
2017-09-14,0.001384,0.000854
2017-09-15,0.000852,0.000865
2017-09-16,0.000848,0.000867
2017-09-17,0.000867,0.000853
2017-09-18,0.000853,0.000947
2017-09-19,0.00094,0.00089
2017-09-20,0.000881,0.000862
2017-09-21,0.00085,0.000755
2017-09-22,0.000762,0.000772
2017-09-23,0.000771,0.000954
2017-09-24,0.00094,0.000892
2017-09-25,0.00089,0.001141
2017-09-26,0.001141,0.001151
2017-09-27,0.001132,0.001173
2017-09-28,0.001142,0.00108
2017-09-29,0.001105,0.001082
2017-09-30,0.001091,0.001145
2017-10-01,0.001142,0.001084
2017-10-02,0.001075,0.001085
2017-10-03,0.001085,0.001108
2017-10-04,0.001121,0.001024
2017-10-05,0.001016,0.001001
2017-10-06,0.001003,0.001056
2017-10-07,0.001079,0.001066
2017-10-08,0.001072,0.001056
2017-10-09,0.001056,0.000991
2017-10-10,0.00098,0.001036
2017-10-11,0.001035,0.001046
2017-10-12,0.001057,0.001062
2017-10-13,0.001064,0.001066
2017-10-14,0.001047,0.00111
2017-10-15,0.001097,0.001106
2017-10-16,0.001107,0.001164
2017-10-17,0.001161,0.001067
2017-10-18,0.001066,0.001047
2017-10-19,0.001056,0.001064
2017-10-20,0.001071,0.00105
2017-10-21,0.001048,0.001007
2017-10-22,0.001008,0.001023
2017-10-23,0.001022,0.001016
2017-10-24,0.001013,0.001092
2017-10-25,0.0011,0.001056
2017-10-26,0.001055,0.001051
2017-10-27,0.001052,0.001052
2017-10-28,0.00104,0.001037
2017-10-29,0.001037,0.001173
2017-10-30,0.001224,0.001151
2017-10-31,0.001143,0.001124
2017-11-01,0.001143,0.001138
2017-11-02,0.001109,0.001151
2017-11-03,0.001157,0.001121
2017-11-04,0.001143,0.001189
2017-11-05,0.001168,0.001182
2017-11-06,0.001171,0.001154
2017-11-07,0.001157,0.001177
2017-11-08,0.001175,0.001222
2017-11-09,0.001207,0.001415
2017-11-10,0.001421,0.001163
2017-11-11,0.001146,0.001201
2017-11-12,0.001189,0.001038
2017-11-13,0.001046,0.001211
2017-11-14,0.001201,0.001184
2017-11-15,0.001189,0.001339
2017-11-16,0.001348,0.00139
2017-11-17,0.001381,0.001313
2017-11-18,0.001308,0.001373
2017-11-19,0.001355,0.001376
2017-11-20,0.001374,0.001394
2017-11-21,0.00141,0.001389
2017-11-22,0.001401,0.001823
2017-11-23,0.001819,0.001891
2017-11-24,0.00194,0.001908
2017-11-25,0.001923,0.002072
2017-11-26,0.002073,0.002026
2017-11-27,0.001999,0.001988
2017-11-28,0.001991,0.002363
2017-11-29,0.002333,0.00208
2017-11-30,0.002048,0.002079
2017-12-01,0.002051,0.002148
2017-12-02,0.002122,0.002149
2017-12-03,0.002092,0.002223
2017-12-04,0.002206,0.002463
2017-12-05,0.002474,0.002479
2017-12-06,0.002495,0.002663
2017-12-07,0.002581,0.00272
2017-12-08,0.00273,0.002779
2017-12-09,0.002772,0.002617
2017-12-10,0.002607,0.002547
2017-12-11,0.002563,0.002798
2017-12-12,0.002794,0.003304
2017-12-13,0.003306,0.003461
2017-12-14,0.003449,0.003709
2017-12-15,0.00367,0.003762
2017-12-16,0.003767,0.005933
2017-12-17,0.005917,0.005984
2017-12-18,0.005938,0.006433
2017-12-19,0.006402,0.005666
2017-12-20,0.005619,0.006661
2017-12-21,0.006733,0.007425
2017-12-22,0.007386,0.006054
2017-12-23,0.006135,0.007259
2017-12-24,0.007282,0.008582
2017-12-25,0.008649,0.008931
2017-12-26,0.008935,0.009411
2017-12-27,0.009342,0.008872
2017-12-28,0.008856,0.008486
2017-12-29,0.008513,0.009391
2017-12-30,0.009365,0.00786
2017-12-31,0.007803,0.008972
2018-01-01,0.009031,0.008909
2018-01-02,0.008873,0.009145
2018-01-03,0.009088,0.00932
2018-01-04,0.009346,0.009644
2018-01-05,0.00966,0.012167
2018-01-06,0.012226,0.014863
2018-01-07,0.014673,0.017088
2018-01-08,0.017115,0.015045
2018-01-09,0.015072,0.01342
2018-01-10,0.013554,0.013102
2018-01-11,0.01302,0.011469
2018-01-12,0.011479,0.013056
2018-01-13,0.013057,0.013023
2018-01-14,0.013057,0.011684
2018-01-15,0.011631,0.009857
2018-01-16,0.009863,0.006822
2018-01-17,0.006812,0.007648
2018-01-18,0.007641,0.007969
2018-01-19,0.007872,0.007871
2018-01-20,0.007957,0.008448
2018-01-21,0.008438,0.007131
2018-01-22,0.007199,0.006734
2018-01-23,0.006723,0.006673
2018-01-24,0.006642,0.007083
2018-01-25,0.007155,0.007667
2018-01-26,0.007702,0.007237
2018-01-27,0.00724,0.007373
2018-01-28,0.007409,0.007465
2018-01-29,0.007401,0.006967
2018-01-30,0.006969,0.006024
2018-01-31,0.006001,0.00601
2018-02-01,0.006021,0.005029
2018-02-02,0.005023,0.004475
2018-02-03,0.004501,0.005164
2018-02-04,0.005182,0.004399
2018-02-05,0.004397,0.003533
2018-02-06,0.003544,0.004361
2018-02-07,0.004314,0.004297
2018-02-08,0.004263,0.004566
2018-02-09,0.00456,0.005
2018-02-10,0.004982,0.004989
2018-02-11,0.004968,0.004956
2018-02-12,0.004964,0.005472
2018-02-13,0.005475,0.005638
2018-02-14,0.00563,0.00673
2018-02-15,0.006717,0.007347
2018-02-16,0.007295,0.007034
2018-02-17,0.007064,0.007049
2018-02-18,0.007114,0.006424
2018-02-19,0.00641,0.006697
2018-02-20,0.006679,0.007094
2018-02-21,0.007087,0.006581
2018-02-22,0.006568,0.006259
2018-02-23,0.006253,0.006648
2018-02-24,0.006666,0.006324
2018-02-25,0.006321,0.006142
2018-02-26,0.006169,0.006339
2018-02-27,0.006363,0.006291
2018-02-28,0.00627,0.006018
2018-03-01,0.006042,0.006215
2018-03-02,0.006174,0.005482
2018-03-03,0.005494,0.005301
2018-03-04,0.005234,0.005502
2018-03-05,0.005462,0.005218
2018-03-06,0.005122,0.00461
2018-03-07,0.004618,0.004024
2018-03-08,0.004015,0.004025
2018-03-09,0.004006,0.004146
2018-03-10,0.004137,0.003973
2018-03-11,0.003959,0.00421
2018-03-12,0.004207,0.004032
2018-03-13,0.00402,0.00396
2018-03-14,0.003954,0.003524
2018-03-15,0.003521,0.003536
2018-03-16,0.003542,0.00351
2018-03-17,0.003505,0.003299
2018-03-18,0.00328,0.00319
2018-03-19,0.003199,0.00344
2018-03-20,0.003466,0.003651
2018-03-21,0.003651,0.003659
2018-03-22,0.003666,0.003528
2018-03-23,0.003533,0.00356
2018-03-24,0.003597,0.00359
2018-03-25,0.00355,0.003505
2018-03-26,0.003498,0.003289
2018-03-27,0.003276,0.003145
2018-03-28,0.003134,0.003141
2018-03-29,0.003171,0.002827
2018-03-30,0.002811,0.002763
2018-03-31,0.002752,0.002819
2018-04-01,0.002818,0.002719
2018-04-02,0.002731,0.002797
2018-04-03,0.002794,0.00298
2018-04-04,0.002982,0.00277
2018-04-05,0.002785,0.002714
2018-04-06,0.002715,0.00267
2018-04-07,0.002682,0.002802
2018-04-08,0.002786,0.002843
2018-04-09,0.002855,0.002763
2018-04-10,0.002759,0.003043
2018-04-11,0.003039,0.003396
2018-04-12,0.003374,0.003798
2018-04-13,0.003782,0.003995
2018-04-14,0.003958,0.00415
2018-04-15,0.004135,0.004571
2018-04-16,0.004588,0.004585
2018-04-17,0.004588,0.004744
2018-04-18,0.004712,0.005412
2018-04-19,0.005397,0.005824
2018-04-20,0.005834,0.005893
2018-04-21,0.005878,0.005413
2018-04-22,0.005442,0.005539
2018-04-23,0.005545,0.005482
2018-04-24,0.005489,0.0058
2018-04-25,0.005879,0.005093
2018-04-26,0.005128,0.005627
2018-04-27,0.005583,0.005422
2018-04-28,0.005364,0.005357
2018-04-29,0.00547,0.005459
2018-04-30,0.005405,0.00521
2018-05-01,0.005272,0.005144
2018-05-02,0.005114,0.005273
2018-05-03,0.005334,0.005641
2018-05-04,0.005533,0.005269
2018-05-05,0.005267,0.00518
2018-05-06,0.005202,0.00497
2018-05-07,0.004966,0.004817
2018-05-08,0.004833,0.005303
2018-05-09,0.005273,0.005093
2018-05-10,0.004825,0.00487
2018-05-11,0.005036,0.004362
2018-05-12,0.00445,0.004473
2018-05-13,0.004307,0.004329
2018-05-14,0.004499,0.00446
2018-05-15,0.004443,0.004515
2018-05-16,0.004474,0.004385
2018-05-17,0.004368,0.004188
2018-05-18,0.003996,0.004017
2018-05-19,0.004217,0.004286
2018-05-20,0.00425,0.004423
2018-05-21,0.004397,0.004271
2018-05-22,0.004212,0.003851
2018-05-23,0.003858,0.003591
2018-05-24,0.00359,0.003499
2018-05-25,0.003474,0.003514
2018-05-26,0.00355,0.003463
2018-05-27,0.003464,0.003424
2018-05-28,0.003433,0.003226
2018-05-29,0.003226,0.003437
2018-05-30,0.003447,0.003354
2018-05-31,0.003429,0.003398
2018-06-01,0.003427,0.003423
2018-06-02,0.003418,0.003558
2018-06-03,0.003576,0.00369
2018-06-04,0.003691,0.003532
2018-06-05,0.003538,0.003654
2018-06-06,0.003655,0.003787
2018-06-07,0.003748,0.003732
2018-06-08,0.003746,0.003659
2018-06-09,0.003658,0.003593
2018-06-10,0.003595,0.003182
2018-06-11,0.00318,0.003234
2018-06-12,0.003237,0.003089
2018-06-13,0.003092,0.002817
2018-06-14,0.002816,0.002944
2018-06-15,0.002953,0.002901
2018-06-16,0.002892,0.002895
2018-06-17,0.002906,0.002873
2018-06-18,0.002916,0.003027
2018-06-19,0.003027,0.003033
2018-06-20,0.003035,0.003021
2018-06-21,0.003021,0.002988
2018-06-22,0.002983,0.002668
2018-06-23,0.002671,0.002641
2018-06-24,0.002635,0.00251
2018-06-25,0.00249,0.002485
2018-06-26,0.002501,0.002478
2018-06-27,0.002484,0.002437
2018-06-28,0.002406,0.002357
2018-06-29,0.002409,0.002427
2018-06-30,0.002435,0.002499
2018-07-01,0.002508,0.002489
2018-07-02,0.002486,0.002703
2018-07-03,0.002699,0.002638
2018-07-04,0.002637,0.00268
2018-07-05,0.002679,0.002599
2018-07-06,0.00261,0.002597
2018-07-07,0.002601,0.002645
2018-07-08,0.002642,0.002611
2018-07-09,0.002612,0.002603
2018-07-10,0.002606,0.002411
2018-07-11,0.002406,0.002425
2018-07-12,0.002395,0.002306
2018-07-13,0.002307,0.002332
2018-07-14,0.002304,0.002362
2018-07-15,0.00237,0.00238
2018-07-16,0.002366,0.002854
2018-07-17,0.002812,0.003228
2018-07-18,0.003222,0.003712
2018-07-19,0.003683,0.003844
2018-07-20,0.003829,0.00341
2018-07-21,0.00345,0.00327
2018-07-22,0.003339,0.003458
2018-07-23,0.003468,0.003431
2018-07-24,0.003446,0.00362
2018-07-25,0.003592,0.003543
2018-07-26,0.00353,0.003393
2018-07-27,0.003388,0.003418
2018-07-28,0.003408,0.0034
2018-07-29,0.003414,0.003307
2018-07-30,0.003313,0.003273
2018-07-31,0.003325,0.002945
2018-08-01,0.003018,0.00316
2018-08-02,0.00308,0.002946
2018-08-03,0.002959,0.002918
2018-08-04,0.002896,0.002745
2018-08-05,0.002783,0.002837
2018-08-06,0.002872,0.002779
2018-08-07,0.002775,0.002671
2018-08-08,0.002669,0.002415
2018-08-09,0.002408,0.002555
2018-08-10,0.002554,0.002392
2018-08-11,0.00238,0.002404
2018-08-12,0.002396,0.002404
2018-08-13,0.002407,0.002331
2018-08-14,0.00232,0.00226
2018-08-15,0.002256,0.002303
2018-08-16,0.002299,0.002292
2018-08-17,0.002316,0.002455
2018-08-18,0.002477,0.002394
2018-08-19,0.002413,0.002473
2018-08-20,0.002464,0.002369
2018-08-21,0.002364,0.002424
2018-08-22,0.002423,0.002315
2018-08-23,0.002315,0.002385
2018-08-24,0.002391,0.002426
2018-08-25,0.002423,0.00237
2018-08-26,0.002368,0.002404
2018-08-27,0.002404,0.002462
2018-08-28,0.002475,0.002607
2018-08-29,0.002607,0.002606
2018-08-30,0.002598,0.003206
2018-08-31,0.003216,0.004794
2018-09-01,0.004741,0.006278
2018-09-02,0.00631,0.004999
2018-09-03,0.005026,0.005266
2018-09-04,0.005279,0.005269
2018-09-05,0.005259,0.004931
2018-09-06,0.004926,0.00501
2018-09-07,0.004996,0.005307
2018-09-08,0.005298,0.005692
2018-09-09,0.00571,0.005829
2018-09-10,0.00584,0.006892
2018-09-11,0.006931,0.006329
2018-09-12,0.006325,0.006455
2018-09-13,0.006468,0.006554
2018-09-14,0.006558,0.00618
2018-09-15,0.006187,0.006165
2018-09-16,0.006191,0.006531
2018-09-17,0.00654,0.006243
2018-09-18,0.006231,0.005981
2018-09-19,0.005984,0.005609
2018-09-20,0.005605,0.005695
2018-09-21,0.005695,0.005684
2018-09-22,0.005682,0.005758
2018-09-23,0.005765,0.005901
2018-09-24,0.005904,0.005677
2018-09-25,0.00568,0.005686
2018-09-26,0.005692,0.005695
2018-09-27,0.005702,0.005879
2018-09-28,0.005864,0.005831
2018-09-29,0.005832,0.005865
2018-09-30,0.005867,0.005906
2018-10-01,0.005901,0.005942
2018-10-02,0.005927,0.005824
2018-10-03,0.005813,0.005704
2018-10-04,0.005712,0.005645
2018-10-05,0.005647,0.005669
2018-10-06,0.005686,0.005545
2018-10-07,0.005559,0.005562
2018-10-08,0.005573,0.005578
2018-10-09,0.005594,0.005635
2018-10-10,0.005628,0.005552
2018-10-11,0.005547,0.005
2018-10-12,0.004982,0.005247
2018-10-13,0.005245,0.005182
2018-10-14,0.005174,0.005158
2018-10-15,0.005153,0.005218
2018-10-16,0.005222,0.005017
2018-10-17,0.00501,0.004599
2018-10-18,0.004605,0.004386
2018-10-19,0.004389,0.00447
2018-10-20,0.004501,0.004551
2018-10-21,0.004552,0.004517
2018-10-22,0.004508,0.004366
2018-10-23,0.004373,0.004172
2018-10-24,0.004162,0.003911
2018-10-25,0.003912,0.003717
2018-10-26,0.003703,0.003984
2018-10-27,0.004011,0.004195
2018-10-28,0.004188,0.004063
2018-10-29,0.004048,0.003847
2018-10-30,0.003857,0.00385
2018-10-31,0.003835,0.003764
2018-11-01,0.003759,0.003777
2018-11-02,0.003778,0.003773
2018-11-03,0.003776,0.003733
2018-11-04,0.003749,0.003676
2018-11-05,0.003664,0.003622
2018-11-06,0.003632,0.003696
2018-11-07,0.003698,0.003637
2018-11-08,0.003637,0.003384
2018-11-09,0.003369,0.00314
2018-11-10,0.003135,0.003285
2018-11-11,0.003278,0.003162
2018-11-12,0.003164,0.003064
2018-11-13,0.003066,0.002945
2018-11-14,0.002947,0.002695
2018-11-15,0.002703,0.0028
2018-11-16,0.002803,0.002746
2018-11-17,0.002746,0.002595
2018-11-18,0.002597,0.002643
2018-11-19,0.002641,0.002418
2018-11-20,0.002414,0.002254
2018-11-21,0.002266,0.002448
2018-11-22,0.002454,0.002412
2018-11-23,0.002408,0.002361
2018-11-24,0.002364,0.002224
2018-11-25,0.00223,0.00222
2018-11-26,0.002218,0.002099
2018-11-27,0.002095,0.002087
2018-11-28,0.002089,0.002246
2018-11-29,0.002251,0.002241
2018-11-30,0.00224,0.002165
2018-12-01,0.002175,0.00225
2018-12-02,0.002252,0.002246
2018-12-03,0.002247,0.002371
2018-12-04,0.00237,0.002196
2018-12-05,0.002194,0.00218
2018-12-06,0.002178,0.002097
2018-12-07,0.002104,0.002104
2018-12-08,0.002096,0.00212
2018-12-09,0.002113,0.002102
2018-12-10,0.002098,0.0021
2018-12-11,0.002097,0.002088
2018-12-12,0.002089,0.002111
2018-12-13,0.002118,0.002065
2018-12-14,0.002067,0.00207
2018-12-15,0.00207,0.002113
2018-12-16,0.002106,0.002125
2018-12-17,0.002125,0.002533
2018-12-18,0.002536,0.002684
2018-12-19,0.002674,0.00272
2018-12-20,0.002707,0.002731
2018-12-21,0.002722,0.002545
2018-12-22,0.002539,0.002502
2018-12-23,0.002502,0.002542
2018-12-24,0.00255,0.00254
2018-12-25,0.002555,0.002404
2018-12-26,0.002402,0.002474
2018-12-27,0.002477,0.002364
2018-12-28,0.002362,0.002434
2018-12-29,0.002439,0.002403
2018-12-30,0.00238,0.002367
2018-12-31,0.00237,0.002346
2019-01-01,0.002346,0.002392
2019-01-02,0.002388,0.002407
2019-01-03,0.002404,0.00236
2019-01-04,0.002364,0.002315
2019-01-05,0.00232,0.002319
2019-01-06,0.002313,0.002328
2019-01-07,0.002328,0.002285
2019-01-08,0.002298,0.002276
2019-01-09,0.002278,0.002266
2019-01-10,0.002263,0.002132
2019-01-11,0.002129,0.002129
2019-01-12,0.00213,0.002148
2019-01-13,0.002137,0.002094
2019-01-14,0.002102,0.002183
2019-01-15,0.002178,0.002111
2019-01-16,0.002108,0.002138
2019-01-17,0.002133,0.002094
2019-01-18,0.002093,0.002106
2019-01-19,0.002104,0.002153
2019-01-20,0.002153,0.002119
2019-01-21,0.002106,0.002101
2019-01-22,0.002099,0.002057
2019-01-23,0.002055,0.002043
2019-01-24,0.002045,0.002039
2019-01-25,0.002057,0.002118
2019-01-26,0.002094,0.002083
2019-01-27,0.002082,0.002027
2019-01-28,0.002026,0.001944
2019-01-29,0.001947,0.001927
2019-01-30,0.001925,0.001961
2019-01-31,0.001963,0.001925
2019-02-01,0.001926,0.001916
2019-02-02,0.001914,0.001936
2019-02-03,0.001932,0.001904
2019-02-04,0.001904,0.001896
2019-02-05,0.001899,0.001888
2019-02-06,0.001886,0.001866
2019-02-07,0.001869,0.001845
2019-02-08,0.001847,0.001956
2019-02-09,0.001952,0.001949
2019-02-10,0.001951,0.001946
2019-02-11,0.001946,0.001906
2019-02-12,0.001904,0.001894
2019-02-13,0.001894,0.001893
2019-02-14,0.001891,0.001897
2019-02-15,0.001896,0.001908
2019-02-16,0.001907,0.001924
2019-02-17,0.001923,0.001992
2019-02-18,0.001993,0.002114
2019-02-19,0.002116,0.002067
2019-02-20,0.002065,0.002079
2019-02-21,0.002066,0.002028
2019-02-22,0.00203,0.002056
2019-02-23,0.002055,0.002083
2019-02-24,0.002088,0.001974
2019-02-25,0.001973,0.00203
2019-02-26,0.002029,0.002023
2019-02-27,0.002024,0.002019
2019-02-28,0.002018,0.001976
2019-03-01,0.001976,0.001994
2019-03-02,0.001992,0.002003
2019-03-03,0.002002,0.001999
2019-03-04,0.002004,0.001982
2019-03-05,0.001981,0.001985
2019-03-06,0.001985,0.001983
2019-03-07,0.001982,0.001991
2019-03-08,0.001992,0.00198
2019-03-09,0.001982,0.001998
2019-03-10,0.002,0.001999
2019-03-11,0.002001,0.001966
2019-03-12,0.001969,0.002012
2019-03-13,0.002015,0.002025
2019-03-14,0.002022,0.002039
2019-03-15,0.002041,0.002048
2019-03-16,0.002047,0.002077
2019-03-17,0.002081,0.002081
2019-03-18,0.002076,0.002083
2019-03-19,0.002083,0.002091
2019-03-20,0.002084,0.002061
2019-03-21,0.002065,0.002054
2019-03-22,0.002051,0.002052
2019-03-23,0.002057,0.002064
2019-03-24,0.002062,0.002054
2019-03-25,0.002058,0.002043
2019-03-26,0.002041,0.002054
2019-03-27,0.00205,0.002085
2019-03-28,0.002087,0.002074
2019-03-29,0.002076,0.002087
2019-03-30,0.002091,0.00208
2019-03-31,0.002081,0.00208
2019-04-01,0.002082,0.002461
2019-04-02,0.002459,0.002795
2019-04-03,0.002777,0.003164
2019-04-04,0.003158,0.003697
2019-04-05,0.003679,0.00359
2019-04-06,0.003594,0.003439
2019-04-07,0.00344,0.003418
2019-04-08,0.003428,0.003045
2019-04-09,0.003044,0.002884
2019-04-10,0.002881,0.003021
2019-04-11,0.003019,0.002789
2019-04-12,0.002791,0.002856
2019-04-13,0.002852,0.002872
2019-04-14,0.002873,0.002882
2019-04-15,0.002884,0.00279
2019-04-16,0.00279,0.002835
2019-04-17,0.002837,0.00281
2019-04-18,0.002816,0.002946
2019-04-19,0.002945,0.002893
2019-04-20,0.002892,0.002902
2019-04-21,0.0029,0.00276
2019-04-22,0.002758,0.002798
2019-04-23,0.002804,0.002772
2019-04-24,0.002775,0.002599
2019-04-25,0.002595,0.002506
2019-04-26,0.002499,0.002519
2019-04-27,0.002515,0.002516
2019-04-28,0.00252,0.002531
2019-04-29,0.002527,0.002466
2019-04-30,0.002469,0.002513
2019-05-01,0.00251,0.002521
2019-05-02,0.002525,0.002611
2019-05-03,0.00261,0.002721
2019-05-04,0.002698,0.00268
2019-05-05,0.002709,0.002653
2019-05-06,0.002633,0.002542
2019-05-07,0.002544,0.002536
2019-05-08,0.002534,0.002537
2019-05-09,0.002536,0.0025
2019-05-10,0.002503,0.002522
2019-05-11,0.002515,0.002754
2019-05-12,0.002757,0.002665
2019-05-13,0.002663,0.002756
2019-05-14,0.002758,0.003068
2019-05-15,0.003073,0.003308
2019-05-16,0.00331,0.003168
2019-05-17,0.003169,0.002962
2019-05-18,0.002966,0.003005
2019-05-19,0.003011,0.003178
2019-05-20,0.003179,0.003041
2019-05-21,0.003042,0.003086
2019-05-22,0.003082,0.002939
2019-05-23,0.002937,0.002961
2019-05-24,0.00296,0.002995
2019-05-25,0.002996,0.002991
2019-05-26,0.002987,0.003092
2019-05-27,0.003099,0.003141
2019-05-28,0.003142,0.003148
2019-05-29,0.003149,0.003127
2019-05-30,0.003125,0.003258
2019-05-31,0.003256,0.003441
2019-06-01,0.003443,0.003419
2019-06-02,0.003426,0.003398
2019-06-03,0.003397,0.003198
2019-06-04,0.003213,0.003042
2019-06-05,0.003039,0.00307
2019-06-06,0.003072,0.003087
2019-06-07,0.003088,0.00311
2019-06-08,0.003115,0.003084
2019-06-09,0.003077,0.003012
2019-06-10,0.003014,0.003091
2019-06-11,0.00309,0.003058
2019-06-12,0.003061,0.003067
2019-06-13,0.003063,0.003074
2019-06-14,0.003075,0.003124
2019-06-15,0.003135,0.003157
2019-06-16,0.003145,0.003186
2019-06-17,0.003188,0.00319
2019-06-18,0.003193,0.003125
2019-06-19,0.003123,0.00313
2019-06-20,0.003143,0.003161
2019-06-21,0.003167,0.003223
2019-06-22,0.003229,0.003279
2019-06-23,0.003285,0.003304
2019-06-24,0.003314,0.003368
2019-06-25,0.003367,0.003392
2019-06-26,0.003391,0.003379
2019-06-27,0.00339,0.003329
2019-06-28,0.003332,0.00349
2019-06-29,0.003479,0.003405
2019-06-30,0.003418,0.003258
2019-07-01,0.00325,0.003238
2019-07-02,0.003237,0.003204
2019-07-03,0.003207,0.003313
2019-07-04,0.003314,0.003229
2019-07-05,0.003226,0.003867
2019-07-06,0.003872,0.003547
2019-07-07,0.003553,0.003633
2019-07-08,0.003635,0.003559
2019-07-09,0.003556,0.003549
2019-07-10,0.003551,0.003424
2019-07-11,0.003417,0.003243
2019-07-12,0.003241,0.00334
2019-07-13,0.003343,0.003249
2019-07-14,0.00325,0.003014
2019-07-15,0.00302,0.003092
2019-07-16,0.003093,0.002825
2019-07-17,0.002819,0.00303
2019-07-18,0.003031,0.003121
2019-07-19,0.00312,0.003059
2019-07-20,0.003064,0.003118
2019-07-21,0.003118,0.003076
2019-07-22,0.003076,0.002997
2019-07-23,0.003,0.00288
2019-07-24,0.00288,0.002915
2019-07-25,0.00291,0.002921
2019-07-26,0.002921,0.002921
2019-07-27,0.002923,0.002823
2019-07-28,0.002822,0.002859
2019-07-29,0.002859,0.00284
2019-07-30,0.002831,0.002817
2019-07-31,0.002816,0.002899
2019-08-01,0.0029,0.002957
2019-08-02,0.002957,0.002909
2019-08-03,0.002908,0.002912
2019-08-04,0.002913,0.002938
2019-08-05,0.002938,0.003087
2019-08-06,0.003089,0.00295
2019-08-07,0.002951,0.003006
2019-08-08,0.003005,0.002928
2019-08-09,0.002929,0.002904
2019-08-10,0.002905,0.002842
2019-08-11,0.002845,0.002898
2019-08-12,0.002896,0.00288
2019-08-13,0.002883,0.002825
2019-08-14,0.002823,0.002722
2019-08-15,0.00272,0.00264
2019-08-16,0.002641,0.002681
2019-08-17,0.002684,0.002646
2019-08-18,0.002647,0.002723
2019-08-19,0.002723,0.002797
2019-08-20,0.002798,0.002763
2019-08-21,0.002764,0.002675
2019-08-22,0.002676,0.0027
2019-08-23,0.002709,0.002713
2019-08-24,0.002713,0.002661
2019-08-25,0.002663,0.002662
2019-08-26,0.002652,0.002679
2019-08-27,0.00268,0.00262
2019-08-28,0.002622,0.002524
2019-08-29,0.002523,0.00245
2019-08-30,0.002451,0.002482
2019-08-31,0.002482,0.002511
2019-09-01,0.002512,0.002492
2019-09-02,0.002492,0.002596
2019-09-03,0.002598,0.002595
2019-09-04,0.002596,0.00269
2019-09-05,0.00269,0.002531
2019-09-06,0.002529,0.002509
2019-09-07,0.002515,0.002515
2019-09-08,0.002511,0.002501
2019-09-09,0.002509,0.002461
2019-09-10,0.002461,0.002437
2019-09-11,0.002432,0.002399
2019-09-12,0.002398,0.002425
2019-09-13,0.002425,0.002426
2019-09-14,0.002427,0.002441
2019-09-15,0.002443,0.00246
2019-09-16,0.002462,0.002455
2019-09-17,0.002454,0.002608
2019-09-18,0.002607,0.002719
2019-09-19,0.002718,0.002709
2019-09-20,0.00271,0.002672
2019-09-21,0.002667,0.002586
2019-09-22,0.002595,0.002592
2019-09-23,0.002587,0.002486
2019-09-24,0.002489,0.002228
2019-09-25,0.002229,0.002197
2019-09-26,0.002202,0.002155
2019-09-27,0.002155,0.002221
2019-09-28,0.002222,0.002234
2019-09-29,0.002238,0.002223
2019-09-30,0.002227,0.002387
2019-10-01,0.002393,0.002388
2019-10-02,0.002391,0.002351
2019-10-03,0.002349,0.002325
2019-10-04,0.002323,0.00236
2019-10-05,0.002355,0.002322
2019-10-06,0.002323,0.002346
2019-10-07,0.002342,0.00239
2019-10-08,0.00239,0.002346
2019-10-09,0.00234,0.002388
2019-10-10,0.002392,0.002332
2019-10-11,0.002332,0.002345
2019-10-12,0.002328,0.00234
2019-10-13,0.002339,0.002447
2019-10-14,0.002449,0.002545
2019-10-15,0.002546,0.00251
2019-10-16,0.002509,0.002607
2019-10-17,0.002604,0.002755
2019-10-18,0.002757,0.002706
2019-10-19,0.002704,0.002743
2019-10-20,0.002742,0.00273
2019-10-21,0.002732,0.002774
2019-10-22,0.002773,0.002565
2019-10-23,0.002564,0.002495
2019-10-24,0.002491,0.002538
2019-10-25,0.002539,0.002684
2019-10-26,0.002684,0.002622
2019-10-27,0.002621,0.002654
2019-10-28,0.002656,0.002646
2019-10-29,0.002647,0.002655
2019-10-30,0.002656,0.002616
2019-10-31,0.002618,0.002615
2019-11-01,0.002617,0.00263
2019-11-02,0.002631,0.002627
2019-11-03,0.002627,0.002637
2019-11-04,0.002635,0.002614
2019-11-05,0.002613,0.002624
2019-11-06,0.002623,0.002628
2019-11-07,0.002628,0.002725
2019-11-08,0.002723,0.002653
2019-11-09,0.002654,0.002713
2019-11-10,0.002712,0.002775
2019-11-11,0.002775,0.002715
2019-11-12,0.002714,0.002725
2019-11-13,0.002723,0.002698
2019-11-14,0.002694,0.00268
2019-11-15,0.002682,0.002657
2019-11-16,0.002657,0.002669
2019-11-17,0.002669,0.002648
2019-11-18,0.002648,0.002576
2019-11-19,0.002576,0.002548
2019-11-20,0.002548,0.002556
2019-11-21,0.002555,0.002426
2019-11-22,0.002426,0.002362
2019-11-23,0.002364,0.002505
2019-11-24,0.002509,0.002365
2019-11-25,0.002369,0.002286
2019-11-26,0.002287,0.002291
2019-11-27,0.002291,0.002339
2019-11-28,0.002337,0.002313
2019-11-29,0.002315,0.002456
2019-11-30,0.002456,0.00232
2019-12-01,0.00232,0.002292
2019-12-02,0.002293,0.002235
2019-12-03,0.002234,0.002217
2019-12-04,0.002217,0.002208
2019-12-05,0.002209,0.002223
2019-12-06,0.002221,0.002226
2019-12-07,0.00223,0.00223
2019-12-08,0.00223,0.002238
2019-12-09,0.002237,0.002208
2019-12-10,0.002208,0.002204
2019-12-11,0.002202,0.002185
2019-12-12,0.002185,0.002188
2019-12-13,0.002187,0.002175
2019-12-14,0.002175,0.00217
2019-12-15,0.002171,0.002154
2019-12-16,0.002154,0.002121
2019-12-17,0.00212,0.002018
2019-12-18,0.002025,0.002183
2019-12-19,0.002182,0.002123
2019-12-20,0.002127,0.002075
2019-12-21,0.002077,0.002084
2019-12-22,0.002082,0.002115
2019-12-23,0.002113,0.002073
2019-12-24,0.002073,0.002073
2019-12-25,0.002072,0.002088
2019-12-26,0.002086,0.002058
2019-12-27,0.002059,0.002053
2019-12-28,0.002053,0.002064
2019-12-29,0.002063,0.002068
2019-12-30,0.00207,0.002054
2019-12-31,0.002056,0.002028
2020-01-01,0.002028,0.002033
2020-01-02,0.002034,0.002009
2020-01-03,0.002008,0.002145
2020-01-04,0.002144,0.002241
2020-01-05,0.00224,0.002419
2020-01-06,0.002418,0.002463
2020-01-07,0.002485,0.002433
2020-01-08,0.002433,0.002293
2020-01-09,0.002291,0.002256
2020-01-10,0.002255,0.002356
2020-01-11,0.002351,0.002314
2020-01-12,0.002313,0.002381
2020-01-13,0.002381,0.002358
2020-01-14,0.002358,0.00247
2020-01-15,0.002468,0.002369
2020-01-16,0.002372,0.002345
2020-01-17,0.002346,0.00249
2020-01-18,0.00249,0.002507
2020-01-19,0.002514,0.002405
2020-01-20,0.002405,0.002374
2020-01-21,0.002374,0.002376
2020-01-22,0.002376,0.002323
2020-01-23,0.002323,0.002268
2020-01-24,0.002268,0.002276
2020-01-25,0.002276,0.002257
2020-01-26,0.002258,0.002305
2020-01-27,0.002304,0.002368
2020-01-28,0.002365,0.00245
2020-01-29,0.002451,0.00239
2020-01-30,0.002391,0.00244
2020-01-31,0.00244,0.002394
2020-02-01,0.002391,0.002422
2020-02-02,0.002421,0.002468
2020-02-03,0.002466,0.00244
2020-02-04,0.002438,0.002503
2020-02-05,0.002503,0.002582
2020-02-06,0.002583,0.002653
2020-02-07,0.002654,0.002769
2020-02-08,0.002767,0.003159
2020-02-09,0.003156,0.003232
2020-02-10,0.003234,0.002986
2020-02-11,0.003011,0.003041
2020-02-12,0.003041,0.003093
2020-02-13,0.003064,0.003026
2020-02-14,0.002999,0.00313
2020-02-15,0.003098,0.00292
2020-02-16,0.002917,0.002774
2020-02-17,0.00274,0.002712
2020-02-18,0.002677,0.002839
2020-02-19,0.002839,0.002624
2020-02-20,0.002625,0.002659
2020-02-21,0.002656,0.002648
2020-02-22,0.00265,0.002601
2020-02-23,0.0026,0.00268
2020-02-24,0.002679,0.00259
2020-02-25,0.00259,0.002476
2020-02-26,0.002475,0.002339
2020-02-27,0.002337,0.002324
2020-02-28,0.002323,0.002289
2020-02-29,0.002286,0.002235
2020-03-01,0.002233,0.002275
2020-03-02,0.002278,0.002349
2020-03-03,0.002348,0.002499
2020-03-04,0.0025,0.002398
2020-03-05,0.002399,0.002506
2020-03-06,0.002504,0.002496
2020-03-07,0.002501,0.002405
2020-03-08,0.002406,0.002187
2020-03-09,0.002189,0.002214
2020-03-10,0.002217,0.002207
2020-03-11,0.002208,0.002184
2020-03-12,0.002183,0.001537
2020-03-13,0.00154,0.001738
2020-03-14,0.001737,0.001666
2020-03-15,0.001664,0.001685
2020-03-16,0.001684,0.001587
2020-03-17,0.001591,0.001587
2020-03-18,0.00159,0.001566
2020-03-19,0.001566,0.001773
2020-03-20,0.001771,0.001773
2020-03-21,0.001771,0.001785
2020-03-22,0.001785,0.001731
2020-03-23,0.001727,0.001805
2020-03-24,0.001805,0.001851
2020-03-25,0.001852,0.001834
2020-03-26,0.001833,0.001842
2020-03-27,0.001843,0.001807
2020-03-28,0.001805,0.001778
2020-03-29,0.001777,0.001723
2020-03-30,0.001723,0.001831
2020-03-31,0.001851,0.001811
2020-04-01,0.001812,0.001867
2020-04-02,0.001868,0.001882
2020-04-03,0.001883,0.001853
2020-04-04,0.001853,0.00188
2020-04-05,0.00188,0.001865
2020-04-06,0.001866,0.00198
2020-04-07,0.001972,0.001997
2020-04-08,0.001986,0.002012
2020-04-09,0.002013,0.002021
2020-04-10,0.002021,0.001968
2020-04-11,0.001968,0.00199
2020-04-12,0.001989,0.00199
2020-04-13,0.00199,0.001959
2020-04-14,0.001958,0.001964
2020-04-15,0.001963,0.00194
2020-04-16,0.001941,0.002028
2020-04-18,0.002013,0.002061
2020-04-19,0.00206,0.002058
2020-04-20,0.002058,0.001982
2020-04-21,0.001982,0.001971
2020-04-22,0.001971,0.002011
2020-04-23,0.002011,0.002047
2020-04-24,0.002047,0.002103
2020-04-25,0.002102,0.002142
2020-04-26,0.002141,0.002409
2020-04-27,0.00241,0.002355
2020-04-28,0.002354,0.002339
2020-04-29,0.002339,0.002517
2020-04-30,0.002517,0.002443
2020-05-01,0.002444,0.002494
2020-05-02,0.002495,0.002549
2020-05-03,0.002548,0.00251
2020-05-04,0.002511,0.002481
2020-05-05,0.002481,0.002484
2020-05-06,0.002483,0.002529
2020-05-07,0.002518,0.002664
2020-05-08,0.002659,0.002625
2020-05-09,0.002622,0.002613
2020-05-10,0.002611,0.002459
2020-05-11,0.002457,0.002413
2020-05-12,0.002413,0.002463
2020-05-13,0.002464,0.002521
2020-05-14,0.002518,0.002574
2020-05-15,0.002574,0.002506
2020-05-16,0.002507,0.002513
2020-05-17,0.002512,0.002538
2020-05-18,0.002537,0.002543
2020-05-19,0.002544,0.002538
2020-05-20,0.002539,0.002508
2020-05-21,0.00251,0.002485
2020-05-22,0.002486,0.002533
2020-05-23,0.002533,0.002544
2020-05-24,0.002544,0.002458
2020-05-25,0.002456,0.00254
2020-05-26,0.002539,0.002486
2020-05-27,0.002486,0.00251
2020-05-28,0.002512,0.002524
2020-05-29,0.002524,0.002532
2020-05-30,0.002531,0.002615
2020-05-31,0.002615,0.002555
2020-06-01,0.002555,0.002647
2020-06-02,0.002647,0.002561
2020-06-03,0.002562,0.002583
2020-06-04,0.002583,0.002631
2020-06-05,0.002632,0.002596
2020-06-06,0.002595,0.002587
2020-06-07,0.002587,0.002606
2020-06-08,0.002606,0.002584
2020-06-09,0.002584,0.002569
2020-06-10,0.002569,0.002584
2020-06-11,0.002584,0.002452
2020-06-12,0.002455,0.00252
2020-06-13,0.00252,0.002533
2020-06-14,0.002533,0.002511
2020-06-15,0.00251,0.002479
2020-06-16,0.002479,0.002487
2020-06-17,0.00249,0.002485
2020-06-18,0.002485,0.002472
2020-06-19,0.002471,0.002435
2020-06-20,0.002435,0.002447
2020-06-21,0.002447,0.002447
2020-06-22,0.002447,0.002474
2020-06-23,0.002474,0.002484
2020-06-24,0.002483,0.00243
2020-06-25,0.00243,0.002417
2020-06-26,0.002417,0.002359
2020-06-27,0.002359,0.002313
2020-06-28,0.002313,0.002326
2020-06-29,0.002326,0.002313
2020-06-30,0.002311,0.00232
2020-07-01,0.00232,0.002354
2020-07-02,0.00233,0.002361
2020-07-03,0.002361,0.002316
2020-07-04,0.002315,0.002309
2020-07-05,0.002307,0.002309
2020-07-06,0.002309,0.002616
2020-07-07,0.002614,0.00309
2020-07-08,0.003097,0.00475
2020-07-09,0.004732,0.004397
2020-07-10,0.004394,0.003515
2020-07-11,0.003528,0.003811
2020-07-12,0.003811,0.00363
2020-07-13,0.00363,0.003178
2020-07-14,0.003169,0.003294
2020-07-15,0.003287,0.003085
2020-07-16,0.003086,0.002995
2020-07-17,0.002991,0.003061
2020-07-18,0.00306,0.003473
2020-07-19,0.003464,0.003382
2020-07-20,0.003383,0.003239
2020-07-21,0.003232,0.003305
2020-07-22,0.003302,0.003285
2020-07-23,0.003283,0.003295
2020-07-24,0.003295,0.00322
2020-07-25,0.003219,0.003234
2020-07-26,0.003238,0.003235
2020-07-27,0.003234,0.003153
2020-07-28,0.003155,0.003197
2020-07-29,0.003198,0.003192
2020-07-30,0.003192,0.003231
2020-07-31,0.003229,0.003225
2020-08-01,0.003225,0.003689
2020-08-02,0.003696,0.003336
2020-08-03,0.003336,0.003389
2020-08-04,0.003389,0.003535
2020-08-05,0.003543,0.003513
2020-08-06,0.003517,0.00356
2020-08-07,0.003563,0.003533
2020-08-08,0.003534,0.00351
2020-08-09,0.003508,0.003463
2020-08-10,0.003468,0.003499
2020-08-11,0.003495,0.003394
2020-08-12,0.003397,0.003484
2020-08-13,0.003483,0.003517
2020-08-14,0.003514,0.003561
2020-08-15,0.003563,0.003539
2020-08-16,0.00354,0.003524
2020-08-17,0.003524,0.003591
2020-08-18,0.003593,0.003514
2020-08-19,0.003508,0.003424
2020-08-20,0.003424,0.003459
2020-08-21,0.003457,0.003393
2020-08-22,0.003392,0.003442
2020-08-23,0.003438,0.003414
2020-08-24,0.00341,0.003418
2020-08-25,0.003418,0.003305
2020-08-26,0.003301,0.003303
2020-08-27,0.0033,0.003203
2020-08-28,0.003203,0.003268
2020-08-29,0.003267,0.003282
2020-08-30,0.003284,0.0033
2020-08-31,0.003301,0.003221
2020-09-01,0.00322,0.003256
2020-09-02,0.003258,0.003122
2020-09-03,0.003122,0.002802
2020-09-04,0.002799,0.002899
2020-09-05,0.0029,0.002758
2020-09-06,0.002758,0.002787
2020-09-07,0.002787,0.002811
2020-09-08,0.00282,0.002756
2020-09-09,0.002758,0.002779
2020-09-10,0.002792,0.002805
2020-09-11,0.002805,0.002806
2020-09-12,0.002802,0.002819
2020-09-13,0.002819,0.002776
2020-09-14,0.002776,0.002803
2020-09-15,0.002799,0.002832
2020-09-16,0.002831,0.002826
2020-09-17,0.002824,0.002814
2020-09-18,0.002814,0.002804
2020-09-19,0.002796,0.002794
2020-09-20,0.002794,0.002778
2020-09-21,0.002778,0.00263
2020-09-22,0.002625,0.002656
2020-09-23,0.002656,0.002564
2020-09-24,0.002564,0.002644
2020-09-25,0.002644,0.002706
2020-09-26,0.002708,0.002708
2020-09-27,0.002708,0.002701
2020-09-28,0.002701,0.002658
2020-09-29,0.002658,0.002681
2020-09-30,0.00268,0.002642
2020-10-01,0.002644,0.002615
2020-10-02,0.002614,0.002584
2020-10-03,0.002585,0.002605
2020-10-04,0.002605,0.002646
2020-10-05,0.002646,0.002627
2020-10-06,0.002625,0.00261
2020-10-07,0.00261,0.0026
2020-10-08,0.002598,0.002603
2020-10-10,0.002654,0.002655
2020-10-11,0.002667,0.002674
2020-10-14,0.002634,0.002637
2020-10-15,0.00265,0.002593
2020-10-16,0.002595,0.002612
2020-10-17,0.002603,0.002581
2020-10-18,0.002581,0.002586
2020-10-19,0.002595,0.00259
2020-10-20,0.00259,0.002601
2020-10-21,0.0026,0.00263
2020-10-22,0.002627,0.002655
2020-10-23,0.002649,0.002647
2020-10-24,0.002647,0.002646
2020-10-25,0.002645,0.002653
2020-10-26,0.002653,0.002679
2020-10-27,0.002679,0.002677
2020-10-28,0.002677,0.002595
2020-10-29,0.002595,0.002581
2020-10-30,0.002581,0.002598
2020-10-31,0.002598,0.002576
2020-11-01,0.002576,0.002582
2020-11-02,0.002582,0.002517
2020-11-03,0.002517,0.002528
2020-11-04,0.002528,0.002533
2020-11-05,0.002533,0.002617
2020-11-06,0.002617,0.00276
2020-11-07,0.00276,0.002671
2020-11-08,0.002671,0.002711
2020-11-09,0.002711,0.00267
2020-11-10,0.00267,0.002753
2020-11-11,0.002753,0.002769
2020-11-12,0.002769,0.002779
2020-11-13,0.002779,0.002821
2020-11-14,0.002821,0.002773
2020-11-15,0.002773,0.002775
2020-11-16,0.002775,0.002886
2020-11-17,0.002908,0.002936
2020-11-18,0.002936,0.002909
2020-11-19,0.002909,0.002911
2020-11-20,0.002911,0.002984
2020-11-21,0.002984,0.003507
2020-11-22,0.003507,0.003329
2020-11-23,0.003329,0.003648
2020-11-24,0.003645,0.004204
2020-11-25,0.0042,0.003727
2020-11-26,0.003727,0.00325
2020-11-27,0.00325,0.003275
2020-11-28,0.003275,0.003405
2020-11-29,0.003405,0.003448
2020-11-30,0.003448,0.003551
2020-12-01,0.003551,0.003335
2020-12-02,0.003335,0.003374
2020-12-03,0.003375,0.003428
2020-12-04,0.003429,0.003298
2020-12-05,0.003297,0.003397
2020-12-06,0.003397,0.003388
2020-12-07,0.003388,0.003342
2020-12-08,0.003343,0.003179
2020-12-09,0.003179,0.003158
2020-12-10,0.003158,0.003105
2020-12-11,0.003105,0.003079
2020-12-12,0.003079,0.003163
2020-12-13,0.003164,0.003256
2020-12-14,0.003256,0.003231
2020-12-15,0.00323,0.003206
2020-12-16,0.003205,0.003416
2020-12-17,0.003416,0.00373
2020-12-18,0.00373,0.003858
2020-12-19,0.003859,0.003927
2020-12-20,0.003926,0.004625
2020-12-21,0.004627,0.004787
2020-12-22,0.004784,0.004508
2020-12-23,0.004508,0.003768
2020-12-24,0.003768,0.00457
2020-12-25,0.00457,0.004582
2020-12-26,0.004581,0.004494
2020-12-27,0.004493,0.004548
2020-12-28,0.004548,0.004592
2020-12-29,0.004592,0.004486
2020-12-30,0.004487,0.004636
2020-12-31,0.004636,0.004682
2021-01-01,0.004681,0.005685
2021-01-02,0.005686,0.010615
2021-01-03,0.010602,0.009771
2021-01-04,0.009785,0.009767
2021-01-05,0.009767,0.00992
2021-01-06,0.009923,0.010465
2021-01-07,0.010454,0.009742
2021-01-08,0.009743,0.009846
2021-01-09,0.009833,0.010194
2021-01-10,0.010193,0.00986
2021-01-11,0.009858,0.008835
2021-01-12,0.00883,0.008063
2021-01-13,0.008062,0.008616
2021-01-14,0.008619,0.009397
2021-01-15,0.009389,0.009369
2021-01-16,0.009367,0.009265
2021-01-17,0.009263,0.009067
2021-01-18,0.00907,0.009171
2021-01-19,0.009172,0.009098
2021-01-20,0.009096,0.00906
2021-01-21,0.009062,0.008166
2021-01-22,0.008165,0.008524
2021-01-23,0.00852,0.008579
2021-01-24,0.008578,0.008727
2021-01-25,0.008727,0.008383
2021-01-26,0.008382,0.008255
2021-01-27,0.008255,0.007482
2021-01-28,0.007481,0.012555
2021-01-29,0.043734,0.047162
2021-01-30,0.046803,0.028176
2021-01-31,0.028191,0.037196
2021-02-01,0.037054,0.034875
2021-02-02,0.03491,0.03152
2021-02-03,0.031493,0.03712
2021-02-04,0.037226,0.053289
2021-02-05,0.053043,0.046935
2021-02-06,0.046931,0.057595
2021-02-07,0.057502,0.078782
2021-02-08,0.078352,0.078825
2021-02-09,0.078773,0.07007
2021-02-10,0.070111,0.072896